uniqueID,UniqueLakeName,StudyID,Year,Month,Lat,Lon,LakeName,ChlValues,DO,pH
newid002732,L0037,844,2010,10,-35.85,-57.86666667,Triunfo Lake,0.019,8.34,9.38
newid002733,L0037,844,2010,11,-35.85,-57.86666667,Triunfo Lake,0.0049,9.07,9.7
newid002741,L0040,844,2010,10,-35.7,-57.91666667,Burro Lake,0.0481,8.78,8.52
newid002742,L0040,844,2010,11,-35.7,-57.91666667,Burro Lake,0.0757,10.575,8.77
newid002754,L0045,844,2010,10,-35.58333333,-57.91666667,Yalca Lake,0.0176,8.92,8.43
newid002755,L0045,844,2010,11,-35.58333333,-57.91666667,Yalca Lake,0.0142,9.5,8.74
newid002824,L0081,856,2011-2013,7,-21.64638889,-43.38638889,Dr. Joao Penido Reservoir,0.0036,4.65,6.99
newid002825,L0081,856,2011-2014,7,-21.64444444,-43.39611111,Dr. Joao Penido Reservoir,0.0039,4.78,6.93
newid002826,L0081,856,2011-2015,7,-21.65666667,-43.38972222,Dr. Joao Penido Reservoir,0.0038,4.78,7.16
newid002827,L0081,856,2011-2016,7,-21.66722222,-43.38805556,Dr. Joao Penido Reservoir,0.0035,4.73,7.11
newid002828,L0081,856,2011-2017,7,-21.68055556,-43.40138889,Dr. Joao Penido Reservoir,0.0034,4.8,7.13
newid002948,L0226,1044,2008,6,8.5206,76.8857312,Akkullam Veli Lake,1.8643,7.3143,6.9
newid002949,L0226,1044,2008,7,8.5206,76.8857312,Akkullam Veli Lake,0.0022,1.3286,6.5
newid002950,L0226,1044,2008,8,8.5206,76.8857312,Akkullam Veli Lake,0.001,3.9571,6.3
newid002951,L0226,1044,2008,9,8.5206,76.8857312,Akkullam Veli Lake,0.0018,3.3857,6.3
newid003017,L0280,1172,2007,5,24.6667,102.6,Lake Dianchi,0.21,2.5,8.29
newid003018,L0280,1172,2007,6,24.6667,102.6,Lake Dianchi,0.17,3.3,8.35
newid003045,L0296,53,2015,10,26.6319444,106.4991667,Baihua Lake Reservoir,0.0115,7.6,7.9
newid003046,L0296,53,2015,11,26.6319444,106.4991667,Baihua Lake Reservoir,0.0125,6.6,7.9
newid003047,L0296,53,2015,12,26.6319444,106.4991667,Baihua Lake Reservoir,0.0128,7.1,7.9
newid003049,L0296,53,2016,1,26.6319444,106.4991667,Baihua Lake Reservoir,0.0063,9.1,7.5
newid003050,L0296,53,2016,2,26.6319444,106.4991667,Baihua Lake Reservoir,0.0099,8.9,8.2
newid003051,L0296,53,2016,3,26.6319444,106.4991667,Baihua Lake Reservoir,0.0126,10.1,8.3
newid003052,L0296,53,2016,4,26.6319444,106.4991667,Baihua Lake Reservoir,0.0114,9.4,8.7
newid003053,L0296,53,2016,5,26.6319444,106.4991667,Baihua Lake Reservoir,0.0068,7.6,8.5
newid003054,L0296,53,2016,6,26.6319444,106.4991667,Baihua Lake Reservoir,0.0113,9.2,8.3
newid003055,L0296,53,2016,7,26.6319444,106.4991667,Baihua Lake Reservoir,0.0051,8.8,8.3
newid003056,L0296,53,2016,8,26.6319444,106.4991667,Baihua Lake Reservoir,0.0072,6.5,8
newid003057,L0296,53,2016,9,26.6319444,106.4991667,Baihua Lake Reservoir,0.0107,8.2,8.4
newid003159,L0371,2258,2004,7,30.245,114.519,Lake Liangzi,0.0013,7.54,9.01
newid003186,L0378,1390,2010,9,31.663,117.33,Lake Chaohu,0.0196,8.4,8.18
newid003187,L0378,1390,2010,9,31.593,117.825,Lake Chaohu,0.0036,7.74,8.5
newid003238,L0402,1376,2009,8,31.11,119.92,Lake Taihu,0.0197,6.86,8.41
newid003240,L0402,1376,2009,8,31.224,119.882,Lake Taihu,0.0517,7.41,8.92
newid003242,L0402,1376,2009,8,31.39,119.958,Lake Taihu,0.0785,7.14,7.88
newid003244,L0402,1376,2009,8,31.424,120.092,Lake Taihu,0.0965,6.71,8.02
newid003249,L0402,1376,2009,8,30.994,120.065,Lake Taihu,0.01,7.07,8
newid003250,L0402,1376,2009,8,31.193,120.045,Lake Taihu,0.0045,7.14,7.88
newid003251,L0402,1376,2009,8,31.31,120.083,Lake Taihu,0.0172,9.41,8.9
newid003252,L0402,1376,2009,8,31.355,120.208,Lake Taihu,0.0133,6.86,8.41
newid003257,L0402,1376,2010,8,31.11,119.92,Lake Taihu,0.0387,7.71,8.39
newid003259,L0402,1376,2010,8,31.224,119.882,Lake Taihu,0.1608,7.22,9
newid003261,L0402,1376,2010,8,31.39,119.958,Lake Taihu,0.1277,6.76,8.61
newid003263,L0402,1376,2010,8,31.424,120.092,Lake Taihu,0.1119,8.41,9.39
newid003268,L0402,1376,2010,8,30.994,120.065,Lake Taihu,0.0281,8.69,8.71
newid003269,L0402,1376,2010,8,31.193,120.045,Lake Taihu,0.0615,8.81,9.2
newid003270,L0402,1376,2010,8,31.31,120.083,Lake Taihu,0.0131,7.9,8.39
newid003271,L0402,1376,2010,8,31.355,120.208,Lake Taihu,0.1082,8.46,9.03
newid003272,L0402,13910,2010,9,31.11,119.92,Lake Taihu,0.01,6.98,9.51
newid003273,L0402,13910,2010,9,31.39,119.958,Lake Taihu,0.0885,6.54,9.55
newid003469,L0536,108,2013,8,33.2914101,118.7198004,Hongze Lake,0.0362,7.39,9.05
newid003470,L0536,108,2013,9,33.2914101,118.7198004,Hongze Lake,0.0109,8.81,9.21
newid003471,L0536,108,2013,10,33.2914101,118.7198004,Hongze Lake,0.0064,9.83,8.96
newid003497,L0558,1159,2010,6,33.57,35.69,Lake Karaoun,0.0136,2.8,7.8
newid003498,L0558,1159,2010,7,33.57,35.69,Lake Karaoun,0.0145,3.2,8.1
newid003499,L0558,1159,2010,8,33.57,35.69,Lake Karaoun,0.0315,5.2,8.9
newid003500,L0558,1159,2010,9,33.57,35.69,Lake Karaoun,0.0292,6.1,7.6
newid003501,L0558,1159,2010,10,33.57,35.69,Lake Karaoun,0.0216,5.9,7
newid003502,L0558,1159,2010,11,33.57,35.69,Lake Karaoun,0.0117,6.6,7.1
newid003503,L0558,1159,2010,12,33.57,35.69,Lake Karaoun,0,6.4,7.2
newid003504,L0558,1159,2011,1,33.57,35.69,Lake Karaoun,0,6.6,7.3
newid003505,L0558,1159,2011,2,33.57,35.69,Lake Karaoun,0,6.1,7.2
newid003506,L0558,1159,2011,3,33.57,35.69,Lake Karaoun,0,6.5,7.3
newid003507,L0558,1159,2011,4,33.57,35.69,Lake Karaoun,0.027,5.6,7.8
newid003508,L0558,1159,2011,5,33.57,35.69,Lake Karaoun,0.0486,3.4,8.5
newid003509,L0558,1159,2011,6,33.57,35.69,Lake Karaoun,0.0378,2.3,8.2
newid003793,L0753,repo9,1978,9,36.040278,140.394167,Kasumigaura,0.1047,7.8667,7.733333333
newid003815,L0753,repo9,1980,7,36.040278,140.394167,Kasumigaura,0.0902,12.1875,9.3
newid003816,L0753,repo9,1980,8,36.040278,140.394167,Kasumigaura,0.0738,8.5,8.9
newid003818,L0753,repo9,1980,10,36.040278,140.394167,Kasumigaura,0.0946,8.1625,7.7
newid003820,L0753,repo9,1980,12,36.040278,140.394167,Kasumigaura,0.0914,13.2,8.557142857
newid003821,L0753,repo9,1981,1,36.040278,140.394167,Kasumigaura,0.0432,11.4143,7.442857143
newid003824,L0753,repo9,1981,4,36.040278,140.394167,Kasumigaura,0.0472,9.75,7.75
newid003825,L0753,repo9,1981,5,36.040278,140.394167,Kasumigaura,0.0728,10.36,8.59
newid003826,L0753,repo9,1981,6,36.040278,140.394167,Kasumigaura,0.0789,9.245,8.44
newid003827,L0753,repo9,1981,7,36.040278,140.394167,Kasumigaura,0.052,9.745,8.595
newid003828,L0753,repo9,1981,8,36.040278,140.394167,Kasumigaura,0.0852,12.0233,9.25
newid003829,L0753,repo9,1981,9,36.040278,140.394167,Kasumigaura,0.0944,11.36,8.84
newid003830,L0753,repo9,1981,10,36.040278,140.394167,Kasumigaura,0.0695,11.1625,8.70625
newid003831,L0753,repo9,1981,11,36.040278,140.394167,Kasumigaura,0.0728,11.71,8.51
newid003832,L0753,repo9,1981,12,36.040278,140.394167,Kasumigaura,0.0911,13.52,8.925
newid003833,L0753,repo9,1982,1,36.040278,140.394167,Kasumigaura,0.039,12.205,7.295
newid003834,L0753,repo9,1982,2,36.040278,140.394167,Kasumigaura,0.021,12.335,7.07
newid003835,L0753,repo9,1982,3,36.040278,140.394167,Kasumigaura,0.0415,12.15,7.18
newid003836,L0753,repo9,1982,4,36.040278,140.394167,Kasumigaura,0.1001,13.96,8.515
newid003837,L0753,repo9,1982,5,36.040278,140.394167,Kasumigaura,0.0844,9.07,8.98
newid003838,L0753,repo9,1982,6,36.040278,140.394167,Kasumigaura,0.1124,11.525,8.94
newid003839,L0753,repo9,1982,7,36.040278,140.394167,Kasumigaura,0.1042,10.835,9.015
newid003840,L0753,repo9,1982,8,36.040278,140.394167,Kasumigaura,0.1512,9.89,8.995
newid003841,L0753,repo9,1982,9,36.040278,140.394167,Kasumigaura,0.1296,10.47,8.82
newid003842,L0753,repo9,1982,10,36.040278,140.394167,Kasumigaura,0.111,11.27,8.57
newid003843,L0753,repo9,1982,11,36.040278,140.394167,Kasumigaura,0.1081,11.405,8.38
newid003844,L0753,repo9,1982,12,36.040278,140.394167,Kasumigaura,0.1035,11.95,8.195
newid003845,L0753,repo9,1983,1,36.040278,140.394167,Kasumigaura,0.0774,12.27,8.065
newid003846,L0753,repo9,1983,2,36.040278,140.394167,Kasumigaura,0.0604,12.495,7.805
newid003847,L0753,repo9,1983,3,36.040278,140.394167,Kasumigaura,0.0824,13.08,8.255
newid003848,L0753,repo9,1983,4,36.040278,140.394167,Kasumigaura,0.1074,11.73,9.05
newid003849,L0753,repo9,1983,5,36.040278,140.394167,Kasumigaura,0.1107,11.93,8.96
newid003850,L0753,repo9,1983,6,36.040278,140.394167,Kasumigaura,0.113,7.99,7.91
newid003851,L0753,repo9,1983,7,36.040278,140.394167,Kasumigaura,0.1319,8.22,8.26
newid003852,L0753,repo9,1983,8,36.040278,140.394167,Kasumigaura,0.0823,9.68,9.62
newid003853,L0753,repo9,1983,9,36.040278,140.394167,Kasumigaura,0.1127,10.46,9.68
newid003854,L0753,repo9,1983,10,36.040278,140.394167,Kasumigaura,0.0751,12.41,9.78
newid003855,L0753,repo9,1983,11,36.040278,140.394167,Kasumigaura,0.0863,10.69,9.17
newid003856,L0753,repo9,1983,12,36.040278,140.394167,Kasumigaura,0.0513,12.21,9.6
newid003857,L0753,repo9,1984,1,36.040278,140.394167,Kasumigaura,0.0285,11.62,8.91
newid003858,L0753,repo9,1984,2,36.040278,140.394167,Kasumigaura,0.0156,12.475,9.35
newid003859,L0753,repo9,1984,3,36.040278,140.394167,Kasumigaura,0.012,11.05,8.533333333
newid003861,L0753,repo9,1984,5,36.040278,140.394167,Kasumigaura,0.0451,11.29,9.24
newid003862,L0753,repo9,1984,6,36.040278,140.394167,Kasumigaura,0.0147,8.34,7.71
newid003863,L0753,repo9,1984,7,36.040278,140.394167,Kasumigaura,0.0634,9.51,8.45
newid003864,L0753,repo9,1984,8,36.040278,140.394167,Kasumigaura,0.1221,11.28,9.39
newid003865,L0753,repo9,1984,9,36.040278,140.394167,Kasumigaura,0.1374,6.94,9.29
newid003866,L0753,repo9,1984,10,36.040278,140.394167,Kasumigaura,0.1403,7.91,9.08
newid003867,L0753,repo9,1984,11,36.040278,140.394167,Kasumigaura,0.0794,11.26,8.69
newid003868,L0753,repo9,1984,12,36.040278,140.394167,Kasumigaura,0.0671,12.83,9.01
newid003869,L0753,repo9,1985,1,36.040278,140.394167,Kasumigaura,0.0451,13.28,8.39
newid003870,L0753,repo9,1985,2,36.040278,140.394167,Kasumigaura,0.0336,12.09,8.17
newid003871,L0753,repo9,1985,3,36.040278,140.394167,Kasumigaura,0.0413,11.62,8.19
newid003872,L0753,repo9,1985,4,36.040278,140.394167,Kasumigaura,0.0968,11.12,9.11
newid003873,L0753,repo9,1985,5,36.040278,140.394167,Kasumigaura,0.1071,8.87,8.93
newid003874,L0753,repo9,1985,6,36.040278,140.394167,Kasumigaura,0.0656,7.49,8.04
newid003875,L0753,repo9,1985,7,36.040278,140.394167,Kasumigaura,0.0848,10.26,9.16
newid003876,L0753,repo9,1985,8,36.040278,140.394167,Kasumigaura,0.087,6.58,8.72
newid003877,L0753,repo9,1985,9,36.040278,140.394167,Kasumigaura,0.1282,10.83,9.43
newid003878,L0753,repo9,1985,10,36.040278,140.394167,Kasumigaura,0.0591,11.13,8.88
newid003879,L0753,repo9,1985,11,36.040278,140.394167,Kasumigaura,0.0584,8.35,8.06
newid003880,L0753,repo9,1985,12,36.040278,140.394167,Kasumigaura,0.0585,10.76,8.73
newid003881,L0753,repo9,1986,1,36.040278,140.394167,Kasumigaura,0.0374,11.12,8.05
newid003882,L0753,repo9,1986,2,36.040278,140.394167,Kasumigaura,0.0211,12.31,7.81
newid003884,L0753,repo9,1986,4,36.040278,140.394167,Kasumigaura,0.0768,10.21,8.43
newid003886,L0753,repo9,1986,6,36.040278,140.394167,Kasumigaura,0.0919,10.49,8.72
newid003887,L0753,repo9,1986,7,36.040278,140.394167,Kasumigaura,0.1082,14.55,9.28
newid003888,L0753,repo9,1986,8,36.040278,140.394167,Kasumigaura,0.0391,10.98,8.75
newid003889,L0753,repo9,1986,9,36.040278,140.394167,Kasumigaura,0.1941,10.31,9.2
newid003891,L0753,repo9,1986,11,36.040278,140.394167,Kasumigaura,0.0634,10.1375,7.92
newid003892,L0753,repo9,1986,12,36.040278,140.394167,Kasumigaura,0.0547,11.91,8.36
newid003893,L0753,repo9,1987,1,36.040278,140.394167,Kasumigaura,0.0426,12.24,8.3
newid003895,L0753,repo9,1987,3,36.040278,140.394167,Kasumigaura,0.0565,12.31,8.33
newid003896,L0753,repo9,1987,4,36.040278,140.394167,Kasumigaura,0.0694,11.18,9.16
newid003897,L0753,repo9,1987,5,36.040278,140.394167,Kasumigaura,0.0535,14.58,7.98
newid003898,L0753,repo9,1987,6,36.040278,140.394167,Kasumigaura,0.0447,6.82,7.92
newid003899,L0753,repo9,1987,7,36.040278,140.394167,Kasumigaura,0.0522,9.32,8.68
newid003900,L0753,repo9,1987,8,36.040278,140.394167,Kasumigaura,0.0477,8.46,8.44
newid003901,L0753,repo9,1987,9,36.040278,140.394167,Kasumigaura,0.0887,14.8,9.22
newid003903,L0753,repo9,1987,11,36.040278,140.394167,Kasumigaura,0.0517,12.96,7.38
newid003904,L0753,repo9,1987,12,36.040278,140.394167,Kasumigaura,0.0549,12.2667,8.133333333
newid003905,L0753,repo9,1988,1,36.040278,140.394167,Kasumigaura,0.0442,11.9,8.12
newid003908,L0753,repo9,1988,4,36.040278,140.394167,Kasumigaura,0.0695,13.4,9.1
newid003909,L0753,repo9,1988,5,36.040278,140.394167,Kasumigaura,0.0698,10.56,8.54
newid003910,L0753,repo9,1988,6,36.040278,140.394167,Kasumigaura,0.0625,12.02,9
newid003911,L0753,repo9,1988,7,36.040278,140.394167,Kasumigaura,0.1108,5.05,8.34
newid003912,L0753,repo9,1988,8,36.040278,140.394167,Kasumigaura,0.1189,9.66,8.72
newid003913,L0753,repo9,1988,9,36.040278,140.394167,Kasumigaura,0.0743,8.5,8.16
newid003915,L0753,repo9,1988,11,36.040278,140.394167,Kasumigaura,0.0548,11.64,8.86
newid003916,L0753,repo9,1988,12,36.040278,140.394167,Kasumigaura,0.0334,12.64,8.52
newid003917,L0753,repo9,1989,1,36.040278,140.394167,Kasumigaura,0.0024,10.32,7.5
newid003918,L0753,repo9,1989,2,36.040278,140.394167,Kasumigaura,0.0181,12.56,8.06
newid003919,L0753,repo9,1989,3,36.040278,140.394167,Kasumigaura,0.0138,5.12,7.62
newid003920,L0753,repo9,1989,4,36.040278,140.394167,Kasumigaura,0.0292,9.62,7.76
newid003921,L0753,repo9,1989,5,36.040278,140.394167,Kasumigaura,0.0624,10.64,8.9
newid003922,L0753,repo9,1989,6,36.040278,140.394167,Kasumigaura,0.0701,12.54,8.98
newid003923,L0753,repo9,1989,7,36.040278,140.394167,Kasumigaura,0.1054,12.66,8.9
newid003924,L0753,repo9,1989,8,36.040278,140.394167,Kasumigaura,0.0822,13.22,9.08
newid003925,L0753,repo9,1989,9,36.040278,140.394167,Kasumigaura,0.1072,9.9,8.12
newid003926,L0753,repo9,1989,10,36.040278,140.394167,Kasumigaura,0.0472,10.58,7.54
newid003927,L0753,repo9,1989,11,36.040278,140.394167,Kasumigaura,0.0601,10.78,9
newid003928,L0753,repo9,1989,12,36.040278,140.394167,Kasumigaura,0.0109,10.68,8.04
newid003929,L0753,repo9,1990,1,36.040278,140.394167,Kasumigaura,0.0072,11.44,7.92
newid003930,L0753,repo9,1990,2,36.040278,140.394167,Kasumigaura,0.0187,13,8.02
newid003931,L0753,repo9,1990,3,36.040278,140.394167,Kasumigaura,0.0268,11.02,8.58
newid003932,L0753,repo9,1990,4,36.040278,140.394167,Kasumigaura,0.0453,12.04,8.8
newid003933,L0753,repo9,1990,5,36.040278,140.394167,Kasumigaura,0.0729,12.1,9.08
newid003934,L0753,repo9,1990,6,36.040278,140.394167,Kasumigaura,0.0632,11,8.9
newid003935,L0753,repo9,1990,7,36.040278,140.394167,Kasumigaura,0.0726,9.58,9
newid003936,L0753,repo9,1990,8,36.040278,140.394167,Kasumigaura,0.0913,9.15,9.42
newid003937,L0753,repo9,1990,9,36.040278,140.394167,Kasumigaura,0.0885,9.6,8.58
newid003938,L0753,repo9,1990,10,36.040278,140.394167,Kasumigaura,0.0627,9.06,8.34
newid003939,L0753,repo9,1990,11,36.040278,140.394167,Kasumigaura,0.044,12.04,8.38
newid003940,L0753,repo9,1990,12,36.040278,140.394167,Kasumigaura,0.0603,13.98,8.5
newid003941,L0753,repo9,1991,1,36.040278,140.394167,Kasumigaura,0.0196,13.38,7.64
newid003942,L0753,repo9,1991,2,36.040278,140.394167,Kasumigaura,0.0215,13.24,7.72
newid003943,L0753,repo9,1991,3,36.040278,140.394167,Kasumigaura,0.0444,11.74,8.18
newid003944,L0753,repo9,1991,4,36.040278,140.394167,Kasumigaura,0.0672,11.42,9.12
newid003945,L0753,repo9,1991,5,36.040278,140.394167,Kasumigaura,0.0658,9.6,8.74
newid003946,L0753,repo9,1991,6,36.040278,140.394167,Kasumigaura,0.0525,11.08,9.08
newid003947,L0753,repo9,1991,7,36.040278,140.394167,Kasumigaura,0.1266,11.0067,9.26
newid003948,L0753,repo9,1991,8,36.040278,140.394167,Kasumigaura,0.1028,9.16,8.48
newid003949,L0753,repo9,1991,9,36.040278,140.394167,Kasumigaura,0.068,6.6,7.38
newid003950,L0753,repo9,1991,10,36.040278,140.394167,Kasumigaura,0.065,8.98,7.52
newid003951,L0753,repo9,1991,11,36.040278,140.394167,Kasumigaura,0.0238,10.35,7.96
newid003952,L0753,repo9,1991,12,36.040278,140.394167,Kasumigaura,0.0476,11.55,8.275
newid003953,L0753,repo9,1992,1,36.040278,140.394167,Kasumigaura,0.0211,12.36,7.84
newid003954,L0753,repo9,1992,2,36.040278,140.394167,Kasumigaura,0.0288,12.52,7.68
newid003955,L0753,repo9,1992,3,36.040278,140.394167,Kasumigaura,0.0308,12.1,7.8
newid003956,L0753,repo9,1992,4,36.040278,140.394167,Kasumigaura,0.0341,7.8,8.26
newid003957,L0753,repo9,1992,5,36.040278,140.394167,Kasumigaura,0.0585,10.36,8.64
newid003958,L0753,repo9,1992,6,36.040278,140.394167,Kasumigaura,0.024,7.76,7.9
newid003959,L0753,repo9,1992,7,36.040278,140.394167,Kasumigaura,0.066,11.92,9.3
newid003960,L0753,repo9,1992,8,36.040278,140.394167,Kasumigaura,0.0941,8.98,8.46
newid003961,L0753,repo9,1992,9,36.040278,140.394167,Kasumigaura,0.1085,9.8,8.83
newid003962,L0753,repo9,1992,10,36.040278,140.394167,Kasumigaura,0.1001,11.94,8.1
newid003963,L0753,repo9,1992,11,36.040278,140.394167,Kasumigaura,0.1064,10.66,7.8
newid003964,L0753,repo9,1992,12,36.040278,140.394167,Kasumigaura,0.0513,10.44,7.48
newid003965,L0753,repo9,1993,1,36.040278,140.394167,Kasumigaura,0.0453,12.45,8.46
newid003966,L0753,repo9,1993,2,36.040278,140.394167,Kasumigaura,0.0703,12.96,8.22
newid003967,L0753,repo9,1993,3,36.040278,140.394167,Kasumigaura,0.0644,12.14,8.3
newid003968,L0753,repo9,1993,4,36.040278,140.394167,Kasumigaura,0.1264,12.52,9.2
newid003969,L0753,repo9,1993,5,36.040278,140.394167,Kasumigaura,0.0765,12.36,9.1
newid003970,L0753,repo9,1993,6,36.040278,140.394167,Kasumigaura,0.0848,11.48,8.98
newid003971,L0753,repo9,1993,7,36.040278,140.394167,Kasumigaura,0.0875,9.6,8.5
newid003972,L0753,repo9,1993,8,36.040278,140.394167,Kasumigaura,0.0805,8.58,8
newid003973,L0753,repo9,1993,9,36.040278,140.394167,Kasumigaura,0.0495,7.4,7.56
newid003974,L0753,repo9,1993,10,36.040278,140.394167,Kasumigaura,0.0586,9.2,8.46
newid003975,L0753,repo9,1993,11,36.040278,140.394167,Kasumigaura,0.0539,10.4,8.34
newid003976,L0753,repo9,1993,12,36.040278,140.394167,Kasumigaura,0.0429,9.18,8.3
newid003977,L0753,repo9,1994,1,36.040278,140.394167,Kasumigaura,0.0318,7.58,8.08
newid003978,L0753,repo9,1994,2,36.040278,140.394167,Kasumigaura,0.0406,13.88,9.14
newid003979,L0753,repo9,1994,3,36.040278,140.394167,Kasumigaura,0.0459,13.54,8.76
newid003981,L0753,repo9,1994,5,36.040278,140.394167,Kasumigaura,0.0803,10.075,9.775
newid003982,L0753,repo9,1994,6,36.040278,140.394167,Kasumigaura,0.0628,10.16,8.35
newid003983,L0753,repo9,1994,7,36.040278,140.394167,Kasumigaura,0.0579,11.62,9.16
newid003984,L0753,repo9,1994,8,36.040278,140.394167,Kasumigaura,0.1119,8.36,8.62
newid003985,L0753,repo9,1994,9,36.040278,140.394167,Kasumigaura,0.0677,7.44,8.84
newid003986,L0753,repo9,1994,10,36.040278,140.394167,Kasumigaura,0.0619,9.26,8.7
newid003987,L0753,repo9,1994,11,36.040278,140.394167,Kasumigaura,0.0644,11.08,8.98
newid003988,L0753,repo9,1994,12,36.040278,140.394167,Kasumigaura,0.0383,10.54,8.32
newid003989,L0753,repo9,1995,1,36.040278,140.394167,Kasumigaura,0.0395,13.16,8.76
newid003990,L0753,repo9,1995,2,36.040278,140.394167,Kasumigaura,0.0398,14.74,9.06
newid003991,L0753,repo9,1995,3,36.040278,140.394167,Kasumigaura,0.0559,14.54,9.12
newid003992,L0753,repo9,1995,4,36.040278,140.394167,Kasumigaura,0.0825,11.5,8.82
newid003993,L0753,repo9,1995,5,36.040278,140.394167,Kasumigaura,0.0891,12.2,9
newid003994,L0753,repo9,1995,6,36.040278,140.394167,Kasumigaura,0.0734,8.76,9.28
newid003995,L0753,repo9,1995,7,36.040278,140.394167,Kasumigaura,0.0796,9.9,10.14
newid003996,L0753,repo9,1995,8,36.040278,140.394167,Kasumigaura,0.0857,11.44,9.2
newid003997,L0753,repo9,1995,9,36.040278,140.394167,Kasumigaura,0.0908,8.34,8.34
newid003998,L0753,repo9,1995,10,36.040278,140.394167,Kasumigaura,0.074,10.58,8.44
newid003999,L0753,repo9,1995,11,36.040278,140.394167,Kasumigaura,0.0813,10.96,8.72
newid004000,L0753,repo9,1995,12,36.04028,140.3942,Kasumigaura,0.071,12.42,8.72
newid004001,L0753,repo9,1996,1,36.04028,140.3942,Kasumigaura,0.0523,13.76,8.42
newid004002,L0753,repo9,1996,2,36.04028,140.3942,Kasumigaura,0.0679,13.66,8.48
newid004003,L0753,repo9,1996,3,36.04028,140.3942,Kasumigaura,0.0803,12.84,8.5
newid004004,L0753,repo9,1996,4,36.04028,140.3942,Kasumigaura,0.0863,10.98,8.7
newid004005,L0753,repo9,1996,5,36.04028,140.3942,Kasumigaura,0.0742,9.66,8.4
newid004006,L0753,repo9,1996,6,36.04028,140.3942,Kasumigaura,0.0687,7.98,8.18
newid004007,L0753,repo9,1996,7,36.04028,140.3942,Kasumigaura,0.0683,13.96,9.32
newid004008,L0753,repo9,1996,8,36.04028,140.3942,Kasumigaura,0.1021,8.84,8.62
newid004009,L0753,repo9,1996,9,36.04028,140.3942,Kasumigaura,0.0874,9.26,8.34
newid004010,L0753,repo9,1996,10,36.04028,140.3942,Kasumigaura,0.0797,8.36,8.1
newid004011,L0753,repo9,1996,11,36.04028,140.3942,Kasumigaura,0.0713,11.04,8.4
newid004012,L0753,repo9,1996,12,36.04028,140.3942,Kasumigaura,0.0793,13.48,8.86
newid004013,L0753,repo9,1997,1,36.04028,140.3942,Kasumigaura,0.09,12.84,8.72
newid004015,L0753,repo9,1997,3,36.04028,140.3942,Kasumigaura,0.1127,12.7,9.2
newid004016,L0753,repo9,1997,4,36.04028,140.3942,Kasumigaura,0.0805,10.5,8.64
newid004017,L0753,repo9,1997,5,36.04028,140.3942,Kasumigaura,0.0997,9.7,8.92
newid004018,L0753,repo9,1997,6,36.04028,140.3942,Kasumigaura,0.072,7.58,8.08
newid004019,L0753,repo9,1997,7,36.04028,140.3942,Kasumigaura,0.084,6.9,8.96
newid004020,L0753,repo9,1997,8,36.04028,140.3942,Kasumigaura,0.0811,7.76,8.66
newid004021,L0753,repo9,1997,9,36.04028,140.3942,Kasumigaura,0.0739,8.52,8.74
newid004022,L0753,repo9,1997,10,36.04028,140.3942,Kasumigaura,0.0682,10.72,9.22
newid004023,L0753,repo9,1997,11,36.04028,140.3942,Kasumigaura,0.0823,11.18,8.9
newid004024,L0753,repo9,1997,12,36.04028,140.3942,Kasumigaura,0.0811,11.18,8.42
newid004025,L0753,repo9,1998,1,36.04028,140.3942,Kasumigaura,0.0752,13.34,8.8
newid004026,L0753,repo9,1998,2,36.04028,140.3942,Kasumigaura,0.0878,13.28,8.84
newid004027,L0753,repo9,1998,3,36.04028,140.3942,Kasumigaura,0.0909,12.16,8.64
newid004028,L0753,repo9,1998,4,36.04028,140.3942,Kasumigaura,0.1009,13.64,9.22
newid004029,L0753,repo9,1998,5,36.04028,140.3942,Kasumigaura,0.124,8.8,8.34
newid004030,L0753,repo9,1998,6,36.04028,140.3942,Kasumigaura,0.1139,10,8.52
newid004031,L0753,repo9,1998,7,36.04028,140.3942,Kasumigaura,0.0522,7.2,8.34
newid004032,L0753,repo9,1998,8,36.04028,140.3942,Kasumigaura,0.0867,10.44,8.84
newid004033,L0753,repo9,1998,9,36.04028,140.3942,Kasumigaura,0.0686,8.36,8.04
newid004034,L0753,repo9,1998,10,36.04028,140.3942,Kasumigaura,0.0404,8.32,7.82
newid004035,L0753,repo9,1998,11,36.04028,140.3942,Kasumigaura,0.0449,10.06,7.68
newid004036,L0753,repo9,1998,12,36.04028,140.3942,Kasumigaura,0.0473,12.1,8.42
newid004037,L0753,repo9,1999,1,36.04028,140.3942,Kasumigaura,0.06,14.22,8.46
newid004038,L0753,repo9,1999,2,36.04028,140.3942,Kasumigaura,0.0552,14.98,8.6
newid004039,L0753,repo9,1999,3,36.04028,140.3942,Kasumigaura,0.0925,11.04,8.36
newid004041,L0753,repo9,1999,5,36.04028,140.3942,Kasumigaura,0.0677,9.3,8.34
newid004042,L0753,repo9,1999,6,36.04028,140.3942,Kasumigaura,0.0539,8.28,8.46
newid004043,L0753,repo9,1999,7,36.04028,140.3942,Kasumigaura,0.0502,8.92,8.2
newid004044,L0753,repo9,1999,8,36.04028,140.3942,Kasumigaura,0.0665,6.76,7.4
newid004045,L0753,repo9,1999,9,36.04028,140.3942,Kasumigaura,0.0626,9.68,8.86
newid004046,L0753,repo9,1999,10,36.04028,140.3942,Kasumigaura,0.0673,10.04,9.18
newid004047,L0753,repo9,1999,11,36.04028,140.3942,Kasumigaura,0.0622,10.56,8.78
newid004048,L0753,repo9,1999,12,36.04028,140.3942,Kasumigaura,0.0659,10.2,9.14
newid004050,L0753,repo9,2000,2,36.04028,140.3942,Kasumigaura,0.088,13.8,9.02
newid004051,L0753,repo9,2000,3,36.04028,140.3942,Kasumigaura,0.0785,14.82,8.8
newid004052,L0753,repo9,2000,4,36.04028,140.3942,Kasumigaura,0.0891,11.48,8.7
newid004053,L0753,repo9,2000,5,36.04028,140.3942,Kasumigaura,0.0718,10.4,8.54
newid004054,L0753,repo9,2000,6,36.04028,140.3942,Kasumigaura,0.0779,10.6,8.88
newid004055,L0753,repo9,2000,7,36.04028,140.3942,Kasumigaura,0.0782,10.06,8.42
newid004056,L0753,repo9,2000,8,36.04028,140.3942,Kasumigaura,0.0596,7.68,8.52
newid004057,L0753,repo9,2000,9,36.04028,140.3942,Kasumigaura,0.0522,6.94,7.533333
newid004058,L0753,repo9,2000,10,36.04028,140.3942,Kasumigaura,0.05,10.06,8.26
newid004059,L0753,repo9,2000,11,36.04028,140.3942,Kasumigaura,0.0511,10.32,8.44
newid004060,L0753,repo9,2000,12,36.04028,140.3942,Kasumigaura,0.0463,10.84,8.5
newid004061,L0753,repo9,2001,1,36.04028,140.3942,Kasumigaura,0.0496,13.96,8.26
newid004062,L0753,repo9,2001,2,36.04028,140.3942,Kasumigaura,0.0471,13.12,8.04
newid004063,L0753,repo9,2001,3,36.04028,140.3942,Kasumigaura,0.0636,13.98,8.84
newid004064,L0753,repo9,2001,4,36.04028,140.3942,Kasumigaura,0.0903,12.3,8.96
newid004065,L0753,repo9,2001,5,36.04028,140.3942,Kasumigaura,0.0833,9.9,8.4
newid004066,L0753,repo9,2001,6,36.04028,140.3942,Kasumigaura,0.0715,8.32,8.08
newid004067,L0753,repo9,2001,7,36.04028,140.3942,Kasumigaura,0.046,7.22,7.88
newid004068,L0753,repo9,2001,8,36.04028,140.3942,Kasumigaura,0.0703,7.14,7.96
newid004069,L0753,repo9,2001,9,36.04028,140.3942,Kasumigaura,0.0537,8.42,7.68
newid004070,L0753,repo9,2001,10,36.04028,140.3942,Kasumigaura,0.0403,9.32,7.6
newid004071,L0753,repo9,2001,11,36.04028,140.3942,Kasumigaura,0.0484,11.54,8.42
newid004072,L0753,repo9,2001,12,36.04028,140.3942,Kasumigaura,0.0747,12.9,8.42
newid004073,L0753,repo9,2002,1,36.04028,140.3942,Kasumigaura,0.082,14.78,8.58
newid004074,L0753,repo9,2002,2,36.04028,140.3942,Kasumigaura,0.0942,10.82,8.34
newid004075,L0753,repo9,2002,3,36.04028,140.3942,Kasumigaura,0.0966,12.56,8.7
newid004076,L0753,repo9,2002,4,36.04028,140.3942,Kasumigaura,0.1011,9.32,8.42
newid004077,L0753,repo9,2002,5,36.04028,140.3942,Kasumigaura,0.0585,8.32,8.02
newid004078,L0753,repo9,2002,6,36.04028,140.3942,Kasumigaura,0.0662,5.86,7.26
newid004079,L0753,repo9,2002,7,36.04028,140.3942,Kasumigaura,0.0566,6.8,7.66
newid004080,L0753,repo9,2002,8,36.04028,140.3942,Kasumigaura,0.0436,8.84,7.94
newid004081,L0753,repo9,2002,9,36.04028,140.3942,Kasumigaura,0.0397,8.08,8.1
newid004082,L0753,repo9,2002,10,36.04028,140.3942,Kasumigaura,0.0296,7.16,7.34
newid004083,L0753,repo9,2002,11,36.04028,140.3942,Kasumigaura,0.0343,12.02,8.58
newid004084,L0753,repo9,2002,12,36.04028,140.3942,Kasumigaura,0.0271,11.2,7.84
newid004085,L0753,repo9,2003,1,36.04028,140.3942,Kasumigaura,0.0321,12.34,7.92
newid004086,L0753,repo9,2003,2,36.04028,140.3942,Kasumigaura,0.0513,13.2,8.56
newid004087,L0753,repo9,2003,3,36.04028,140.3942,Kasumigaura,0.0575,12.86,8.44
newid004088,L0753,repo9,2003,4,36.04028,140.3942,Kasumigaura,0.0777,11.24,8.48
newid004089,L0753,repo9,2003,5,36.04028,140.3942,Kasumigaura,0.0988,9.72,9.1
newid004090,L0753,repo9,2003,6,36.04028,140.3942,Kasumigaura,0.0715,8.88,8.6
newid004091,L0753,repo9,2003,7,36.04028,140.3942,Kasumigaura,0.0417,7.24,7.5
newid004092,L0753,repo9,2003,8,36.04028,140.3942,Kasumigaura,0.0268,6.58,7.3
newid004093,L0753,repo9,2003,9,36.04028,140.3942,Kasumigaura,0.0386,8.16,8.2
newid004094,L0753,repo9,2003,10,36.04028,140.3942,Kasumigaura,0.0861,9.14,8.46
newid004095,L0753,repo9,2003,11,36.04028,140.3942,Kasumigaura,0.0444,9,7.86
newid004096,L0753,repo9,2003,12,36.04028,140.3942,Kasumigaura,0.0367,9.66,7.54
newid004097,L0753,repo9,2004,1,36.04028,140.3942,Kasumigaura,0.0308,11.04,7.7
newid004098,L0753,repo9,2004,2,36.04028,140.3942,Kasumigaura,0.0417,11.48,8.26
newid004099,L0753,repo9,2004,3,36.04028,140.3942,Kasumigaura,0.0731,12.6,8.38
newid004100,L0753,repo9,2004,4,36.04028,140.3942,Kasumigaura,0.062,10.92,8.38
newid004101,L0753,repo9,2004,5,36.04028,140.3942,Kasumigaura,0.0788,9.54,8.54
newid004102,L0753,repo9,2004,6,36.04028,140.3942,Kasumigaura,0.0535,7.26,7.8
newid004103,L0753,repo9,2004,7,36.04028,140.3942,Kasumigaura,0.0416,9.34,8.52
newid004104,L0753,repo9,2004,8,36.04028,140.3942,Kasumigaura,0.0304,7.62,8.46
newid004105,L0753,repo9,2004,9,36.04028,140.3942,Kasumigaura,0.0395,7.92,8.44
newid004106,L0753,repo9,2004,10,36.04028,140.3942,Kasumigaura,0.0185,7.48,7.42
newid004107,L0753,repo9,2004,11,36.04028,140.3942,Kasumigaura,0.0401,11.98,8.84
newid004108,L0753,repo9,2004,12,36.04028,140.3942,Kasumigaura,0.0495,10.84,8.96
newid004109,L0753,repo9,2005,1,36.04028,140.3942,Kasumigaura,0.0539,12.56,8.96
newid004110,L0753,repo9,2005,2,36.04028,140.3942,Kasumigaura,0.085,13.6,8.86
newid004111,L0753,repo9,2005,3,36.04028,140.3942,Kasumigaura,0.0698,11.94,9.34
newid004112,L0753,repo9,2005,4,36.04028,140.3942,Kasumigaura,0.0772,9.38,8.4
newid004113,L0753,repo9,2005,5,36.04028,140.3942,Kasumigaura,0.0769,8.54,8.7
newid004114,L0753,repo9,2005,6,36.04028,140.3942,Kasumigaura,0.0632,9.86,9.1
newid004115,L0753,repo9,2005,7,36.04028,140.3942,Kasumigaura,0.0244,6.88,7.62
newid004116,L0753,repo9,2005,8,36.04028,140.3942,Kasumigaura,0.0293,6.56,7.86
newid004117,L0753,repo9,2005,9,36.04028,140.3942,Kasumigaura,0.0372,8.34,7.98
newid004118,L0753,repo9,2005,10,36.04028,140.3942,Kasumigaura,0.026,7.84,7.72
newid004119,L0753,repo9,2005,11,36.04028,140.3942,Kasumigaura,0.029,9.14,8.06
newid004120,L0753,repo9,2005,12,36.04028,140.3942,Kasumigaura,0.0518,11.34,9
newid004121,L0753,repo9,2006,1,36.04028,140.3942,Kasumigaura,0.0451,16.2,8.82
newid004122,L0753,repo9,2006,2,36.04028,140.3942,Kasumigaura,0.053,13.12,8.5
newid004123,L0753,repo9,2006,3,36.04028,140.3942,Kasumigaura,0.0703,14.2,8.86
newid004124,L0753,repo9,2006,4,36.04028,140.3942,Kasumigaura,0.0783,10.76,8.32
newid004125,L0753,repo9,2006,5,36.04028,140.3942,Kasumigaura,0.0543,10.34,8.44
newid004126,L0753,repo9,2006,6,36.04028,140.3942,Kasumigaura,0.0635,9.2,8.66
newid004127,L0753,repo9,2006,7,36.04028,140.3942,Kasumigaura,0.0478,8,8.04
newid004128,L0753,repo9,2006,8,36.04028,140.3942,Kasumigaura,0.0593,6.94,8.26
newid004129,L0753,repo9,2006,9,36.04028,140.3942,Kasumigaura,0.055,6.84,8.14
newid004130,L0753,repo9,2006,10,36.04028,140.3942,Kasumigaura,0.0382,10.74,7.84
newid004131,L0753,repo9,2006,11,36.04028,140.3942,Kasumigaura,0.0618,9.82,8.62
newid004132,L0753,repo9,2006,12,36.04028,140.3942,Kasumigaura,0.0513,11.76,8.92
newid004133,L0753,repo9,2007,1,36.04028,140.3942,Kasumigaura,0.0691,11.92,7.82
newid004134,L0753,repo9,2007,2,36.04028,140.3942,Kasumigaura,0.1026,13.46,8.88
newid004135,L0753,repo9,2007,3,36.04028,140.3942,Kasumigaura,0.1455,12.3,9.54
newid004136,L0753,repo9,2007,4,36.04028,140.3942,Kasumigaura,0.1206,11.54,8.92
newid004137,L0753,repo9,2007,5,36.04028,140.3942,Kasumigaura,0.0656,10.6,8.82
newid004138,L0753,repo9,2007,6,36.04028,140.3942,Kasumigaura,0.0662,10.38,9.14
newid004139,L0753,repo9,2007,7,36.04028,140.3942,Kasumigaura,0.0759,7.2,7.66
newid004140,L0753,repo9,2007,8,36.04028,140.3942,Kasumigaura,0.0751,9.76,8.8
newid004141,L0753,repo9,2007,9,36.04028,140.3942,Kasumigaura,0.0963,10.26,9.24
newid004142,L0753,repo9,2007,10,36.04028,140.3942,Kasumigaura,0.0712,10.12,8.56
newid004143,L0753,repo9,2007,11,36.04028,140.3942,Kasumigaura,0.0577,10.04,8.16
newid004144,L0753,repo9,2007,12,36.04028,140.3942,Kasumigaura,0.0674,13.26,9.16
newid004145,L0753,repo9,2008,1,36.04028,140.3942,Kasumigaura,0.0624,14.12,8.62
newid004146,L0753,repo9,2008,2,36.04028,140.3942,Kasumigaura,0.0702,14.16,8.48
newid004147,L0753,repo9,2008,3,36.04028,140.3942,Kasumigaura,0.0967,12.44,8.9
newid004148,L0753,repo9,2008,4,36.04028,140.3942,Kasumigaura,0.0795,10,8.14
newid004149,L0753,repo9,2008,5,36.04028,140.3942,Kasumigaura,0.0895,12.08,9.28
newid004150,L0753,repo9,2008,6,36.04028,140.3942,Kasumigaura,0.0478,11.38,8.72
newid004151,L0753,repo9,2008,7,36.04028,140.3942,Kasumigaura,0.0556,8.8,8.34
newid004152,L0753,repo9,2008,8,36.04028,140.3942,Kasumigaura,0.0648,8.54,8.26
newid004153,L0753,repo9,2008,9,36.04028,140.3942,Kasumigaura,0.0359,7.68,8.18
newid004154,L0753,repo9,2008,10,36.04028,140.3942,Kasumigaura,0.0333,8,8.02
newid004155,L0753,repo9,2008,11,36.04028,140.3942,Kasumigaura,0.0372,9.7,8.34
newid004156,L0753,repo9,2008,12,36.04028,140.3942,Kasumigaura,0.05,12.34,8.88
newid004157,L0753,repo9,2009,1,36.04028,140.3942,Kasumigaura,0.0624,14.24,8.66
newid004158,L0753,repo9,2009,2,36.04028,140.3942,Kasumigaura,0.0751,12.82,8.1
newid004159,L0753,repo9,2009,3,36.04028,140.3942,Kasumigaura,0.096,11.6,8.84
newid004160,L0753,repo9,2009,4,36.04028,140.3942,Kasumigaura,0.1112,12.54,9.42
newid004161,L0753,repo9,2009,5,36.04028,140.3942,Kasumigaura,0.0841,11.02,9.14
newid004162,L0753,repo9,2009,6,36.04028,140.3942,Kasumigaura,0.0701,10.5,8.74
newid004163,L0753,repo9,2009,7,36.04028,140.3942,Kasumigaura,0.0491,7.24,7.78
newid004165,L0753,repo9,2009,8,36.04028,140.3942,Kasumigaura,0.0565,9.1,8.46
newid004167,L0753,repo9,2009,9,36.04028,140.3942,Kasumigaura,0.0769,9,8.72
newid004169,L0753,repo9,2009,10,36.04028,140.3942,Kasumigaura,0.0474,6.94,7.82
newid004170,L0753,repo9,2009,11,36.04028,140.3942,Kasumigaura,0.0535,9.92,8.5
newid004172,L0753,repo9,2009,12,36.04028,140.3942,Kasumigaura,0.0433,10.24,8
newid004175,L0753,repo9,2010,1,36.04028,140.3942,Kasumigaura,0.0674,12.6,9
newid004177,L0753,repo9,2010,2,36.04028,140.3942,Kasumigaura,0.0742,12.02,8.88
newid004179,L0753,repo9,2010,3,36.04028,140.3942,Kasumigaura,0.113,12.32,8.48
newid004181,L0753,repo9,2010,4,36.04028,140.3942,Kasumigaura,0.1217,12.54,8.92
newid004183,L0753,repo9,2010,5,36.04028,140.3942,Kasumigaura,0.0884,9.7,9.04
newid004185,L0753,repo9,2010,6,36.04028,140.3942,Kasumigaura,0.0668,8.3,8.44
newid004186,L0753,repo9,2010,7,36.04028,140.3942,Kasumigaura,0.0567,7.68,7.88
newid004187,L0753,repo9,2010,8,36.04028,140.3942,Kasumigaura,0.0727,8.34,8.72
newid004188,L0753,repo9,2010,9,36.04028,140.3942,Kasumigaura,0.072,5.72,7.92
newid004189,L0753,repo9,2010,10,36.04028,140.3942,Kasumigaura,0.0454,9.84,8.42
newid004190,L0753,repo9,2010,11,36.04028,140.3942,Kasumigaura,0.0305,10.04,8.14
newid004191,L0753,repo9,2010,12,36.04028,140.3942,Kasumigaura,0.041,10.78,8.6
newid004193,L0753,repo9,2011,1,36.04028,140.3942,Kasumigaura,0.0306,12.9,8.26
newid004194,L0753,repo9,2011,2,36.04028,140.3942,Kasumigaura,0.0358,12.76,8.12
newid004195,L0753,repo9,2011,3,36.04028,140.3942,Kasumigaura,0.0552,13.5,8.96
newid004196,L0753,repo9,2011,4,36.04028,140.3942,Kasumigaura,0.0715,11.96,9.36
newid004197,L0753,repo9,2011,5,36.04028,140.3942,Kasumigaura,0.0647,11.48,8.48
newid004198,L0753,repo9,2011,6,36.04028,140.3942,Kasumigaura,0.0368,9,8.68
newid004199,L0753,repo9,2011,7,36.04028,140.3942,Kasumigaura,0.0432,8.98,8.28
newid004200,L0753,repo9,2011,8,36.04028,140.3942,Kasumigaura,0.0813,12.94,9.28
newid004201,L0753,repo9,2011,9,36.04028,140.3942,Kasumigaura,0.0554,9.2,8.34
newid004202,L0753,repo9,2011,10,36.04028,140.3942,Kasumigaura,0.0399,9.2,8.2
newid004203,L0753,repo9,2011,11,36.04028,140.3942,Kasumigaura,0.0561,9.96,8.74
newid004204,L0753,repo9,2011,12,36.04028,140.3942,Kasumigaura,0.0438,10.68,8.66
newid004205,L0753,repo9,2012,1,36.04028,140.3942,Kasumigaura,0.0439,13.72,9.38
newid004206,L0753,repo9,2012,2,36.04028,140.3942,Kasumigaura,0.0516,12.96,9.06
newid004207,L0753,repo9,2012,3,36.04028,140.3942,Kasumigaura,0.0431,13.38,8.94
newid004208,L0753,repo9,2012,4,36.04028,140.3942,Kasumigaura,0.0388,11.42,8.6
newid004209,L0753,repo9,2012,5,36.04028,140.3942,Kasumigaura,0.0265,10.08,8.5
newid004210,L0753,repo9,2012,6,36.04028,140.3942,Kasumigaura,0.0096,9.88,8.26
newid004211,L0753,repo9,2012,7,36.04028,140.3942,Kasumigaura,0.0685,10.32,9.1
newid004212,L0753,repo9,2012,8,36.04028,140.3942,Kasumigaura,0.0581,6.18,8.14
newid004213,L0753,repo9,2012,9,36.04028,140.3942,Kasumigaura,0.0635,9.16,8.76
newid004214,L0753,repo9,2012,10,36.04028,140.3942,Kasumigaura,0.0259,9.36,7.8
newid004215,L0753,repo9,2012,11,36.04028,140.3942,Kasumigaura,0.0582,12.08,8.9
newid004216,L0753,repo9,2012,12,36.04028,140.3942,Kasumigaura,0.0219,15.32,8.12
newid004217,L0753,repo9,2013,1,36.04028,140.3942,Kasumigaura,0.0317,14.52,8.36
newid004218,L0753,repo9,2013,2,36.04028,140.3942,Kasumigaura,0.0547,18.02,8.52
newid004219,L0753,repo9,2013,3,36.04028,140.3942,Kasumigaura,0.06,12.9,8.66
newid004220,L0753,repo9,2013,4,36.04028,140.3942,Kasumigaura,0.0453,11.44,8.22
newid004221,L0753,repo9,2013,5,36.04028,140.3942,Kasumigaura,0.0473,10.3,8.66
newid004222,L0753,repo9,2013,6,36.04028,140.3942,Kasumigaura,0.0476,7.64,8.28
newid004223,L0753,repo9,2013,7,36.04028,140.3942,Kasumigaura,0.046,10.14,9.36
newid004224,L0753,repo9,2013,8,36.04028,140.3942,Kasumigaura,0.067,9.08,9.52
newid004225,L0753,repo9,2013,9,36.04028,140.3942,Kasumigaura,0.0427,7.6,7.96
newid004226,L0753,repo9,2013,10,36.04028,140.3942,Kasumigaura,0.0463,9.04,8.08
newid004227,L0753,repo9,2013,11,36.04028,140.3942,Kasumigaura,0.0324,11.14,8.14
newid004229,L0753,repo9,2014,1,36.04028,140.3942,Kasumigaura,0.0214,8.36,8.36
newid004230,L0753,repo9,2014,2,36.04028,140.3942,Kasumigaura,0.0266,15.86,8.24
newid004231,L0753,repo9,2014,3,36.04028,140.3942,Kasumigaura,0.0369,10.24,8.18
newid004232,L0753,repo9,2014,4,36.04028,140.3942,Kasumigaura,0.0433,13.68,8.52
newid004233,L0753,repo9,2014,5,36.04028,140.3942,Kasumigaura,0.0741,10.28,9
newid004234,L0753,repo9,2014,6,36.04028,140.3942,Kasumigaura,0.0284,9.62,8.04
newid004235,L0753,repo9,2014,7,36.04028,140.3942,Kasumigaura,0.0705,8.18,8.58
newid004236,L0753,repo9,2014,8,36.04028,140.3942,Kasumigaura,0.0531,7.74,7.82
newid004237,L0753,repo9,2014,9,36.04028,140.3942,Kasumigaura,0.0467,9.2,8.4
newid004238,L0753,repo9,2014,10,36.04028,140.3942,Kasumigaura,0.0376,9,7.78
newid004239,L0753,repo9,2014,11,36.04028,140.3942,Kasumigaura,0.0534,11.4,8.5
newid004240,L0753,repo9,2014,12,36.04028,140.3942,Kasumigaura,0.0335,11.9,8.42
newid004241,L0753,repo9,2015,1,36.04028,140.3942,Kasumigaura,0.0363,13.48,8.26
newid004242,L0753,repo9,2015,2,36.04028,140.3942,Kasumigaura,0.0254,12.72,7.88
newid004243,L0753,repo9,2015,3,36.04028,140.3942,Kasumigaura,0.0391,15.98,8.64
newid004244,L0753,repo9,2015,4,36.04028,140.3942,Kasumigaura,0.0357,15.04,7.96
newid004245,L0753,repo9,2015,5,36.04028,140.3942,Kasumigaura,0.0617,10.96,9.38
newid004246,L0753,repo9,2015,6,36.04028,140.3942,Kasumigaura,0.0574,10.36,8.66
newid004247,L0753,repo9,2015,7,36.04028,140.3942,Kasumigaura,0.0463,12.88,11.16
newid004248,L0753,repo9,2015,8,36.04028,140.3942,Kasumigaura,0.0679,8.4,9.32
newid004249,L0753,repo9,2015,9,36.04028,140.3942,Kasumigaura,0.0224,9.6,7.64
newid004250,L0753,repo9,2015,10,36.04028,140.3942,Kasumigaura,0.0485,12.18,8.96
newid004251,L0753,repo9,2015,11,36.04028,140.3942,Kasumigaura,0.0392,9.84,8.06
newid004252,L0753,repo9,2015,12,36.04028,140.3942,Kasumigaura,0.0426,15.1,8.6
newid004253,L0753,repo9,2016,1,36.04028,140.3942,Kasumigaura,0.0321,18.64,8.44
newid004254,L0753,repo9,2016,2,36.04028,140.3942,Kasumigaura,0.0425,18.66,8.92
newid004255,L0753,repo9,2016,3,36.04028,140.3942,Kasumigaura,0.0543,12.74,8.1
newid004256,L0753,repo9,2016,4,36.04028,140.3942,Kasumigaura,0.0838,13.24,8.86
newid004257,L0753,repo9,2016,5,36.04028,140.3942,Kasumigaura,0.0637,9.28,8.66
newid004258,L0753,repo9,2016,6,36.04028,140.3942,Kasumigaura,0.0727,8.32,8.28
newid004260,L0753,repo9,2016,8,36.04028,140.3942,Kasumigaura,0.0542,7.32,8.38
newid004261,L0753,repo9,2016,9,36.04028,140.3942,Kasumigaura,0.0505,7.38,8.58
newid004262,L0753,repo9,2016,10,36.04028,140.3942,Kasumigaura,0.0444,9.84,8.26
newid004263,L0753,repo9,2016,11,36.04028,140.3942,Kasumigaura,0.0567,11.24,8.42
newid004264,L0753,repo9,2016,12,36.04028,140.3942,Kasumigaura,0.045,13.66,8.5
newid005762,L2003,2233,2004,7,41.217,43.215,Lake Aktas,0.144,8.41,9.56
newid005763,L2003,2233,2004,8,41.217,43.215,Lake Aktas,0.12,8.96,9.65
newid005764,L2003,2233,2004,9,41.217,43.215,Lake Aktas,0.025,8.46,9.5
newid005765,L2003,2233,2004,10,41.217,43.215,Lake Aktas,0.471,8.88,9.46
newid005766,L2003,2233,2005,5,41.217,43.215,Lake Aktas,0.058,6.85,9.2
newid005767,L2003,2233,2005,6,41.217,43.215,Lake Aktas,0.074,6.55,9.15
newid006460,L2487,54,2013,1,41.81348,26.92506,S?����lo?lu R,0.0036,10.55,8.05
newid006461,L2487,54,2013,2,41.81348,26.92506,S?����lo?lu R,0.0036,11.35,7.75
newid006462,L2487,54,2013,3,41.81348,26.92506,S?����lo?lu R,0.0036,9.25,7.35
newid006463,L2487,54,2013,4,41.81348,26.92506,S?����lo?lu R,0.0044,10.75,8.38
newid006464,L2487,54,2013,5,41.81348,26.92506,S?����lo?lu R,0.0178,8.75,8.52
newid006465,L2487,54,2013,6,41.81348,26.92506,S?����lo?lu R,0.032,7.85,8.48
newid006466,L2487,54,2013,7,41.81348,26.92506,S?����lo?lu R,0.0213,8.95,8.95
newid006467,L2487,54,2013,8,41.81348,26.92506,S?����lo?lu R,0.0213,8.15,8.81
newid006468,L2487,54,2013,9,41.81348,26.92506,S?����lo?lu R,0.0266,7.75,8.78
newid006469,L2487,54,2013,10,41.81348,26.92506,S?����lo?lu R,0.0142,7.25,8.12
newid006470,L2487,54,2013,11,41.81348,26.92506,S?����lo?lu R,0.0053,9.85,7.65
newid007521,L3256,2232,2003,5,43.175,-86.24,Mona Lake,0.0285,11,8.7
newid007522,L3256,2232,2003,7,43.175,-86.24,Mona Lake,0.0108,7,8.1
newid007523,L3256,2232,2003,9,43.175,-86.24,Mona Lake,0.0205,9.3,8.8
newid008202,L3454,repo5,2006,4,45.0369,-73.1164,1VTDECWQ-500476,0.0134,11.6467,7.866
newid008204,L3454,repo5,2006,5,45.0369,-73.1164,1VTDECWQ-500476,0.0086,10.388,7.797
newid008206,L3454,repo5,2006,6,45.0369,-73.1164,1VTDECWQ-500476,0.008,8.4686,7.455294
newid008208,L3454,repo5,2006,7,45.0369,-73.1164,1VTDECWQ-500476,0.0088,7.3924,7.641875
newid008210,L3454,repo5,2006,8,45.0369,-73.1164,1VTDECWQ-500476,0.0124,8.1861,7.702778
newid008212,L3454,repo5,2006,9,45.0369,-73.1164,1VTDECWQ-500476,0.0345,9.0732,8.522381
newid008214,L3454,repo5,2006,10,45.0369,-73.1164,1VTDECWQ-500476,0.0509,10.3663,7.738571
newid008218,L3454,repo5,2007,5,45.0369,-73.1164,1VTDECWQ-500476,0.0096,10.7392,8.043077
newid008220,L3454,repo5,2007,6,45.0369,-73.1164,1VTDECWQ-500476,0.0172,8.3575,7.554
newid008222,L3454,repo5,2007,7,45.0369,-73.1164,1VTDECWQ-500476,0.0148,9.46,8.154
newid008224,L3454,repo5,2007,8,45.0369,-73.1164,1VTDECWQ-500476,0.0097,8.7225,7.685
newid008228,L3454,repo5,2007,10,45.0369,-73.1164,1VTDECWQ-500476,0.0066,9.7355,7.902222
newid008232,L3454,repo5,2008,5,45.0369,-73.1164,1VTDECWQ-500476,0.0104,10.1818,8.062941
newid008234,L3454,repo5,2008,6,45.0369,-73.1164,1VTDECWQ-500476,0.0124,9.5273,8.27
newid008236,L3454,repo5,2008,7,45.0369,-73.1164,1VTDECWQ-500476,0.0124,7.625,7.661667
newid008238,L3454,repo5,2008,8,45.0369,-73.1164,1VTDECWQ-500476,0.0236,7.85,8.154545
newid008240,L3454,repo5,2008,9,45.0369,-73.1164,1VTDECWQ-500476,0.0118,8.3857,8.194444
newid008242,L3454,repo5,2008,10,45.0369,-73.1164,1VTDECWQ-500476,0.0146,10.9,8.393333
newid008244,L3454,repo5,2008,11,45.0369,-73.1164,1VTDECWQ-500476,0.0094,12.45,7.79
newid008246,L3454,repo5,2009,4,45.0369,-73.1164,1VTDECWQ-500476,0.0086,11.8686,7.761818
newid008248,L3454,repo5,2009,5,45.0369,-73.1164,1VTDECWQ-500476,0.0132,9.8333,7.636667
newid008249,L3454,repo14,2009,6,45.0369,-73.1164,Missisquoi Bay - Lake Champlain,0.0058,8.8989,8.051667
newid008250,L3454,repo5,2009,6,45.0369,-73.1164,1VTDECWQ-500476,0.0058,9.1558,8.046
newid008252,L3454,repo5,2009,7,45.0369,-73.1164,1VTDECWQ-500476,0.0233,7.5183,8.445
newid008253,L3454,repo14,2009,8,45.0369,-73.1164,Missisquoi Bay - Lake Champlain,0.0049,8.1917,7.747647
newid008254,L3454,repo5,2009,8,45.0369,-73.1164,1VTDECWQ-500476,0.0049,8.485,7.745714
newid008256,L3454,repo5,2009,9,45.0369,-73.1164,1VTDECWQ-500476,0.0125,8.7842,7.85
newid008258,L3454,repo5,2009,10,45.0369,-73.1164,1VTDECWQ-500476,0.0116,10.27,7.76
newid008262,L3454,repo5,2010,5,45.0369,-73.1164,1VTDECWQ-500476,0.0127,11.2358,8.798
newid008264,L3454,repo5,2010,6,45.0369,-73.1164,1VTDECWQ-500476,0.0083,8.4207,7.677143
newid008266,L3454,repo5,2010,7,45.0369,-73.1164,1VTDECWQ-500476,0.0144,7.59,7.882381
newid008268,L3454,repo5,2010,8,45.0369,-73.1164,1VTDECWQ-500476,0.026,8.9023,8.618
newid008270,L3454,repo5,2010,9,45.0369,-73.1164,1VTDECWQ-500476,0.02,7.3127,8.017778
newid008272,L3454,repo5,2010,10,45.0369,-73.1164,1VTDECWQ-500476,0.0188,9.0846,7.384545
newid008273,L3454,repo14,2011,5,45.0369,-73.1164,Missisquoi Bay - Lake Champlain,0.0055,7.6275,7.608571
newid008274,L3454,repo5,2011,5,45.0369,-73.1164,1VTDECWQ-500476,0.0055,9.9386,7.611667
newid008276,L3454,repo5,2011,6,45.0369,-73.1164,1VTDECWQ-500476,0.0228,10.1525,8.5
newid008278,L3454,repo5,2011,7,45.0369,-73.1164,1VTDECWQ-500476,0.0071,8.2047,7.861765
newid008280,L3454,repo5,2011,8,45.0369,-73.1164,1VTDECWQ-500476,0.0138,8.9371,8.739474
newid008282,L3454,repo5,2011,9,45.0369,-73.1164,1VTDECWQ-500476,0.0206,9.0612,7.81875
newid008284,L3454,repo5,2011,10,45.0369,-73.1164,1VTDECWQ-500476,0.0171,10.03,8.001111
newid008286,L3454,repo5,2011,11,45.0369,-73.1164,1VTDECWQ-500476,0.0124,11.902,7.745
newid008288,L3454,repo5,2012,4,45.0369,-73.1164,1VTDECWQ-500476,0.0102,12.8033,7.821667
newid008290,L3454,repo5,2012,5,45.0369,-73.1164,1VTDECWQ-500476,0.0149,10.32,8.6125
newid008292,L3454,repo5,2012,6,45.0369,-73.1164,1VTDECWQ-500476,0.0064,8.7833,8.166364
newid008294,L3454,repo5,2012,7,45.0369,-73.1164,1VTDECWQ-500476,0.0068,6.7687,7.805
newid008296,L3454,repo5,2012,8,45.0369,-73.1164,1VTDECWQ-500476,0.035,7.6275,9.022143
newid008298,L3454,repo5,2012,9,45.0369,-73.1164,1VTDECWQ-500476,0.0264,9.3287,8.62
newid008299,L3454,repo14,2012,10,45.0369,-73.1164,Missisquoi Bay - Lake Champlain,0.0057,9.0732,7.595
newid008300,L3454,repo5,2012,10,45.0369,-73.1164,1VTDECWQ-500476,0.0057,12.6125,7.596667
newid008304,L3454,repo5,2013,5,45.0369,-73.1164,1VTDECWQ-500476,0.0081,10.2212,7.87875
newid008306,L3454,repo5,2013,6,45.0369,-73.1164,1VTDECWQ-500476,0.0234,9.305,8.323125
newid008308,L3454,repo5,2013,7,45.0369,-73.1164,1VTDECWQ-500476,0.0145,8.4389,8.412
newid008310,L3454,repo5,2013,8,45.0369,-73.1164,1VTDECWQ-500476,0.0078,7.13,7.72
newid008312,L3454,repo5,2013,9,45.0369,-73.1164,1VTDECWQ-500476,0.0179,8.2353,7.6875
newid008314,L3454,repo5,2013,10,45.0369,-73.1164,1VTDECWQ-500476,0.0134,9.8456,8.158
newid008316,L3454,repo5,2014,5,45.0369,-73.1164,1VTDECWQ-500476,0.0128,9.7933,7.824
newid008318,L3454,repo5,2014,6,45.0369,-73.1164,1VTDECWQ-500476,0.0081,8.0364,7.965
newid008320,L3454,repo5,2014,7,45.0369,-73.1164,1VTDECWQ-500476,0.0204,8.0158,8.641111
newid008322,L3454,repo5,2014,8,45.0369,-73.1164,1VTDECWQ-500476,0.0179,9.5492,8.997368
newid008324,L3454,repo5,2014,9,45.0369,-73.1164,1VTDECWQ-500476,0.0471,9.976,9.005
newid008328,L3454,repo5,2015,5,45.0369,-73.1164,1VTDECWQ-500476,0.0162,10.871,8.129091
newid008330,L3454,repo5,2015,6,45.0369,-73.1164,1VTDECWQ-500476,0.008,8.5386,7.420909
newid008332,L3454,repo5,2015,7,45.0369,-73.1164,1VTDECWQ-500476,0.0177,8.354,8.188125
newid008334,L3454,repo5,2015,8,45.0369,-73.1164,1VTDECWQ-500476,0.0206,8.602,8.908333
newid008336,L3454,repo5,2015,9,45.0369,-73.1164,1VTDECWQ-500476,0.0264,8.457,8.695
newid008338,L3454,repo5,2015,10,45.0369,-73.1164,1VTDECWQ-500476,0.0105,9.4217,7.615385
newid008340,L3454,repo5,2016,5,45.0369,-73.1164,1VTDECWQ-500476,0.0194,9.9789,8.434
newid008342,L3454,repo5,2016,6,45.0369,-73.1164,1VTDECWQ-500476,0.0194,10.125,8.344667
newid008344,L3454,repo5,2016,7,45.0369,-73.1164,1VTDECWQ-500476,0.0106,8.1933,8.062353
newid008346,L3454,repo5,2016,8,45.0369,-73.1164,1VTDECWQ-500476,0.0144,7.7968,8.3145
newid008348,L3454,repo5,2016,9,45.0369,-73.1164,1VTDECWQ-500476,0.0441,8.8989,9.190588
newid008352,L3454,repo5,2017,6,45.0369,-73.1164,1VTDECWQ-500476,0.0181,8.798,8.55
newid008354,L3454,repo5,2017,7,45.0369,-73.1164,1VTDECWQ-500476,0.0216,9.2533,8.417143
newid008356,L3454,repo5,2017,8,45.0369,-73.1164,1VTDECWQ-500476,0.0198,8.0936,8.57
newid008358,L3454,repo5,2017,9,45.0369,-73.1164,1VTDECWQ-500476,0.0179,8.19,8.5685
newid008360,L3454,repo5,2017,10,45.0369,-73.1164,1VTDECWQ-500476,0.0149,8.3509,7.909333
newid009828,L4663,repo5,2005,5,45.0151,-71.631,1VTDECWQ-500041,0.0037,10.863,7.466667
newid009835,L4663,repo14,2017,5,45.0151,-71.631,Wallace Pond,0.0038,10.4071,7.021667
newid009836,L4663,repo5,2017,5,45.0151,-71.631,1VTDECWQ-500041,0.0038,10.3969,7.038125
newid010371,L4968,809,2009,5,45.21425,-92.57199,Cedar Lake,0.0045,8.1428,8.248889
newid010372,L4968,809,2009,6,45.21425,-92.57199,Cedar Lake,0.0133,7.8018,8.392
newid010373,L4968,809,2009,7,45.21425,-92.57199,Cedar Lake,0.0117,6.9344,8.759167
newid010374,L4968,809,2009,8,45.21425,-92.57199,Cedar Lake,0.0179,5.3622,8.116944
newid010375,L4968,809,2009,9,45.21425,-92.57199,Cedar Lake,0.0372,6.7444,8.414722
newid010376,L4968,809,2009,10,45.21425,-92.57199,Cedar Lake,0.0465,10.5565,8.404118
